productId,name,category,description,price,menuConfirmed,priceNote,image,photoConfirmed,photoNote,gallery,ingredients,ingredientsConfirmed,allergens,servingSize,calories,protein,carbohydrates,fat,sugar,dietaryTags,availability,featured,deliveryAvailable
blueberry-cheesecake,Blueberry Cheesecake,cakes,A creamy baked cheesecake finished with blueberry compote and fresh blueberries.,150,TRUE,,images/blueberry-cheesecake.jpg,TRUE,,images/blueberry-cheesecake.jpg,"cream cheese, blueberry compote, fresh blueberries, digestive biscuit base, sugar",FALSE,,1 jar (approx. 150 g),,,,,,,TRUE,TRUE,TRUE
classic-cheesecake,Classic Cheesecake,pastries,"A simple, honest baked cheesecake on a digestive biscuit base.",130,TRUE,,images/classic-cheesecake.jpg,TRUE,,images/classic-cheesecake.jpg,"cream cheese, digestive biscuit base, sugar, eggs, vanilla",FALSE,,1 jar (approx. 150 g),,,,,,,TRUE,FALSE,TRUE
nutella-cheesecake,Nutella Cheesecake,pastries,Baked cheesecake finished with a Nutella and hazelnut top layer.,150,TRUE,,images/nutella-cheesecake.jpg,TRUE,,images/nutella-cheesecake.jpg,"cream cheese, nutella, hazelnut, digestive biscuit base, sugar",FALSE,,1 jar (approx. 150 g),,,,,,contains nuts,TRUE,FALSE,TRUE
tiramisu,Tiramisu,pastries,Coffee-soaked layers with a mascarpone cream top and a cocoa-dusted finish.,150,TRUE,,images/tiramisu.jpg,TRUE,,images/tiramisu.jpg,"mascarpone, coffee-soaked sponge, cocoa dust, eggs, sugar",FALSE,,1 jar (approx. 150 g),,,,,,,TRUE,FALSE,TRUE
ragi-jaggery-brownie,Ragi Jaggery Brownie,pastries,A gluten-free brownie made with ragi (finger millet) flour and jaggery instead of refined sugar.,70,TRUE,,,TRUE,,,"ragi flour, jaggery, cocoa, eggs, butter",FALSE,,1 piece,,,,,,gluten-free,TRUE,FALSE,TRUE
classic-chocolate-brownie,Classic Chocolate Brownie,pastries,A fudgy dark chocolate brownie with a glossy ganache top.,60,TRUE,,images/classic-chocolate-brownie.jpg,TRUE,,images/classic-chocolate-brownie.jpg,"dark chocolate, cocoa, refined flour, eggs, butter",FALSE,,1 piece,,,,,,,TRUE,FALSE,TRUE
nutella-brownie,Nutella Brownie,pastries,"A brownie finished with a swirled Nutella and hazelnut topping, available on a ragi or classic base.",80,TRUE,Menu lists two base options at different prices — see variants.,images/nutella-brownie.jpg,TRUE,,images/nutella-brownie.jpg,"nutella, hazelnut, cocoa, refined flour or ragi flour, eggs",FALSE,,1 piece,,,,,,contains nuts,TRUE,FALSE,TRUE
korean-bun,Korean Bun,savouries,"A soft milk-bread bun with a garlic butter glaze, herbs and chili flakes.",140,TRUE,,images/korean-bun.jpg,TRUE,,images/korean-bun.jpg,"milk bread dough, garlic butter glaze, herbs, chili flakes",FALSE,,1 bun,,,,,,,TRUE,TRUE,TRUE
hot-chocolate,Hot Chocolate,sips,Rich dark chocolate melted into steamed milk.,90,TRUE,The reference photo for this item shows it served over ice — confirm with DE.25 whether to relabel this as an iced variant or swap in a hot-serve photo.,images/hot-chocolate.jpg,TRUE,,images/hot-chocolate.jpg,"dark chocolate, milk, sugar",FALSE,,1 cup,,,,,,,TRUE,FALSE,TRUE
chocolate-milkshake,Chocolate Milkshake,sips,A thick blended chocolate milkshake finished with chocolate shavings.,90,TRUE,,images/choc-milkshake.jpg,TRUE,,images/choc-milkshake.jpg,"milk, chocolate, ice cream, chocolate shavings",FALSE,,1 glass,,,,,,,TRUE,FALSE,TRUE
loaded-nachos,Loaded Nachos,savouries,"Corn tortilla chips loaded with salsa, cheese sauce and a balsamic drizzle.",150,FALSE,Not on the current printed menu flyer — confirm the real price before publishing.,images/loaded-nachos.jpg,TRUE,,images/loaded-nachos.jpg,"corn tortilla chips, salsa, cheese sauce, balsamic drizzle, mixed vegetables",FALSE,,1 plate,,,,,,,TRUE,FALSE,TRUE
chocolate-truffle-loaf,Chocolate Truffle Loaf,pastries,A layered chocolate loaf cake finished with a chocolate ganache glaze.,220,FALSE,Not on the current printed menu flyer — confirm the real price before publishing.,images/choc-truffle-loaf.jpg,TRUE,,images/choc-truffle-loaf.jpg,"dark chocolate, cocoa, eggs, refined flour, butter, chocolate ganache",FALSE,,1 box,,,,,,,TRUE,FALSE,TRUE
chocolate-crunch-mousse-cake,Chocolate Crunch Mousse Cake,pastries,Chocolate mousse layered with crunchy chocolate flakes and finished with edible gold leaf.,200,FALSE,Not on the current printed menu flyer — confirm the real price before publishing.,images/chocolate-crunch-mousse.jpg,TRUE,,images/chocolate-crunch-mousse.jpg,"chocolate mousse, crunchy chocolate flakes, cocoa, cream, edible gold leaf",FALSE,,1 box,,,,,,,TRUE,FALSE,TRUE
dark-chocolate-cake,Dark Chocolate Cake,cakes,"A rich, moist dark chocolate layer cake finished with a glossy chocolate ganache drip and dark chocolate shavings.",190,FALSE,Not on the current printed menu flyer — confirm the real name and price with DE.25 before publishing.,images/dark-chocolate-cake.svg,FALSE,"Illustrated concept, not an actual DE.25 photo — ask DE.25 for a real product photo before publishing.",images/dark-chocolate-cake.svg,"dark chocolate, cocoa, flour, butter, sugar, chocolate ganache",FALSE,,1 box,,,,,,,TRUE,FALSE,TRUE
fruit-cake,Fruit Cake,cakes,"A soft vanilla sponge cake layered with fresh cream and topped with strawberries, kiwi, orange and blueberries.",170,FALSE,Not on the current printed menu flyer — confirm the real name and price with DE.25 before publishing.,images/fruit-cake.svg,FALSE,"Illustrated concept, not an actual DE.25 photo — ask DE.25 for a real product photo before publishing.",images/fruit-cake.svg,"vanilla sponge, fresh cream, strawberries, kiwi, orange, blueberries",FALSE,,1 box,,,,,,,TRUE,FALSE,TRUE
